,database,scenario,fuelOrTech,2016,2021,2026,2031,2036
0,A.sqlite,solve,COAL_TAXED,3635.4755862417146,3500.4042278003235,3371.6639610306647,3244.2558970398504,271.79897666188367
1,A.sqlite,solve,DSL_TAXED,0.0,0.0,0.0,0.0,0.0
2,A.sqlite,solve,ELC_CENTRAL,0.0,0.0,0.0,0.0,0.0
3,A.sqlite,solve,HYDRO,551.9499982193379,566.8526483423703,566.8526483423706,566.8526483423708,566.852648342371
4,A.sqlite,solve,MSW_LF_TAXED,11.774933281642163,11.774933281642165,11.774933281642165,11.774933281642163,11.774933281642163
5,A.sqlite,solve,NATGAS_TAXED,4130.95149219365,15750.273856766888,15630.423324170999,15660.234500028171,18539.951757554158
6,A.sqlite,solve,OIL_TAXED,14014.828342767461,27.07951502166361,4.958174309522096,1.9288546682097505,4.06870278103274
7,A.sqlite,solve,SOLAR,100.42065893866987,100.42065893866986,100.42065893866986,100.4206589386699,100.42065893866989
8,A.sqlite,solve,WIND,277.0277767494,277.0277767493999,277.0277767494,277.0277767494,277.02777674939995
