,database,scenario,fuelOrTech,2016,2021,2026,2031,2036
0,A.sqlite,solve,COAL_TAXED,0.454,0.454,0.454,0.454,0.454
1,A.sqlite,solve,DSL_TAXED,1.8775,1.5915,0.9075,0.9075,0.9075
2,A.sqlite,solve,ELC_CENTRAL,0.0,0.0,0.0,0.0,0.0
3,A.sqlite,solve,HYDRO,0.1,0.1027,0.1027,0.1027,0.1027
4,A.sqlite,solve,MSW_LF_TAXED,0.0024,0.0024,0.0024,0.0024,0.0024
5,A.sqlite,solve,NATGAS_TAXED,0.507,2.6274945,2.6907342,2.7226833,3.1231020000000003
6,A.sqlite,solve,OIL_TAXED,2.8920000000000003,2.807,1.569,0.7856000000000001,0.082
7,A.sqlite,solve,SOLAR,0.0521,0.0521,0.0521,0.0521,0.0521
8,A.sqlite,solve,WIND,0.102,0.102,0.102,0.102,0.102
