,database,scenario,2018,2020
0,A.sqlite,solve,5.497677088385082,5.144550324839319
1,B.sqlite,solve,5.497677088263016,6.752010233093162
