,database,scenario,avgEmissions
0,A.sqlite,solve,7575.613987792851
1,B.sqlite,solve,14307.905753921155
2,C.sqlite,solve,8646.059084560095
3,D.sqlite,solve,14393.600177587
4,E.sqlite,solve,7576.138680592851
5,F.sqlite,solve,25681.55782108201
6,G.sqlite,solve,8647.66022113111
7,H.sqlite,solve,52624.369849089766
