,database,scenario,2018,2020
0,A.sqlite,solve,38666.546169832596,42672.603479773505
1,B.sqlite,solve,38666.54616915679,35182.74123885628
