,database,scenario,avgEmissions
0,A.sqlite,solve,5770.097121902615
1,B.sqlite,solve,8562.02600601672
2,C.sqlite,solve,8387.709433665794
3,D.sqlite,solve,21057.8152017016
