,database,scenario,avgEmissions
0,A.sqlite,solve,7386.012358991266
1,B.sqlite,solve,11913.554384547266
2,C.sqlite,solve,9998.200173685293
3,D.sqlite,solve,19621.5504190728
