,database,scenario,LCOE
0,A.sqlite,solve,11.482028938535324
1,B.sqlite,solve,9.383048699038879
2,C.sqlite,solve,10.63238183291891
3,D.sqlite,solve,6.682710287187811
