,database,scenario,LCOE
0,A.sqlite,solve,9.414696102224735
1,B.sqlite,solve,8.202884787892247
2,C.sqlite,solve,8.996623171006265
3,D.sqlite,solve,6.7679916037886425
