,database,scenario,LCOE
0,A.sqlite,solve,11.143317952400805
1,B.sqlite,solve,10.155419333113466
2,C.sqlite,solve,10.914429027119308
3,D.sqlite,solve,9.253597748951147
4,E.sqlite,solve,11.143269693142546
5,F.sqlite,solve,9.745886011410068
6,G.sqlite,solve,10.914316964925163
7,H.sqlite,solve,6.158084882294952
