,database,scenario,LCOE
0,A.sqlite,solve,10.173782776492056
1,B.sqlite,solve,7.768381810441186
2,C.sqlite,solve,9.875017948071873
3,D.sqlite,solve,6.838730825220552
4,E.sqlite,solve,10.173782715150262
5,F.sqlite,solve,7.798024590404108
6,G.sqlite,solve,9.869907816895365
7,H.sqlite,solve,6.560113890138177
